Workbook

Sheet 月次ダッシュボード
B2: 月次ダッシュボード
B3: 投稿ログから自動集計＋フォロワー数を貼るだけ。色は好調=緑／標準=黄／要改善=赤。
B5: ① 投稿パフォーマンス（投稿ログから自動集計）
B6: 月 | C6: 投稿数 | D6: 当たり数 | E6: 打率 | F6: 平均 ﾌｫﾛﾜｰ外% | G6: 平均 3秒突破% | H6: 平均 維持% | I6: 平均 保存% | J6: 平均 いいね% | K6: 新規ﾌｫﾛｰ 合計
B7: 2026-08 | C7: =COUNTIFS('投稿ログ'!$B$5:$B$204,B7) | D7: =COUNTIFS('投稿ログ'!$B$5:$B$204,B7,'投稿ログ'!$W$5:$W$204,"○") | E7: =IFERROR(D7/C7,"") | F7: =IFERROR(AVERAGEIFS('投稿ログ'!$O$5:$O$204,'投稿ログ'!$B$5:$B$204,B7),"") | G7: =IFERROR(AVERAGEIFS('投稿ログ'!$P$5:$P$204,'投稿ログ'!$B$5:$B$204,B7),"") | H7: =IFERROR(AVERAGEIFS('投稿ログ'!$Q$5:$Q$204,'投稿ログ'!$B$5:$B$204,B7),"") | I7: =IFERROR(AVERAGEIFS('投稿ログ'!$R$5:$R$204,'投稿ログ'!$B$5:$B$204,B7),"") | J7: =IFERROR(AVERAGEIFS('投稿ログ'!$S$5:$S$204,'投稿ログ'!$B$5:$B$204,B7),"") | K7: =IFERROR(SUMIFS('投稿ログ'!$N$5:$N$204,'投稿ログ'!$B$5:$B$204,B7),"")
B8: 2026-09 | C8: =COUNTIFS('投稿ログ'!$B$5:$B$204,B8) | D8: =COUNTIFS('投稿ログ'!$B$5:$B$204,B8,'投稿ログ'!$W$5:$W$204,"○") | E8: =IFERROR(D8/C8,"") | F8: =IFERROR(AVERAGEIFS('投稿ログ'!$O$5:$O$204,'投稿ログ'!$B$5:$B$204,B8),"") | G8: =IFERROR(AVERAGEIFS('投稿ログ'!$P$5:$P$204,'投稿ログ'!$B$5:$B$204,B8),"") | H8: =IFERROR(AVERAGEIFS('投稿ログ'!$Q$5:$Q$204,'投稿ログ'!$B$5:$B$204,B8),"") | I8: =IFERROR(AVERAGEIFS('投稿ログ'!$R$5:$R$204,'投稿ログ'!$B$5:$B$204,B8),"") | J8: =IFERROR(AVERAGEIFS('投稿ログ'!$S$5:$S$204,'投稿ログ'!$B$5:$B$204,B8),"") | K8: =IFERROR(SUMIFS('投稿ログ'!$N$5:$N$204,'投稿ログ'!$B$5:$B$204,B8),"")
B9: 2026-10 | C9: =COUNTIFS('投稿ログ'!$B$5:$B$204,B9) | D9: =COUNTIFS('投稿ログ'!$B$5:$B$204,B9,'投稿ログ'!$W$5:$W$204,"○") | E9: =IFERROR(D9/C9,"") | F9: =IFERROR(AVERAGEIFS('投稿ログ'!$O$5:$O$204,'投稿ログ'!$B$5:$B$204,B9),"") | G9: =IFERROR(AVERAGEIFS('投稿ログ'!$P$5:$P$204,'投稿ログ'!$B$5:$B$204,B9),"") | H9: =IFERROR(AVERAGEIFS('投稿ログ'!$Q$5:$Q$204,'投稿ログ'!$B$5:$B$204,B9),"") | I9: =IFERROR(AVERAGEIFS('投稿ログ'!$R$5:$R$204,'投稿ログ'!$B$5:$B$204,B9),"") | J9: =IFERROR(AVERAGEIFS('投稿ログ'!$S$5:$S$204,'投稿ログ'!$B$5:$B$204,B9),"") | K9: =IFERROR(SUMIFS('投稿ログ'!$N$5:$N$204,'投稿ログ'!$B$5:$B$204,B9),"")
B10: 2026-11 | C10: =COUNTIFS('投稿ログ'!$B$5:$B$204,B10) | D10: =COUNTIFS('投稿ログ'!$B$5:$B$204,B10,'投稿ログ'!$W$5:$W$204,"○") | E10: =IFERROR(D10/C10,"") | F10: =IFERROR(AVERAGEIFS('投稿ログ'!$O$5:$O$204,'投稿ログ'!$B$5:$B$204,B10),"") | G10: =IFERROR(AVERAGEIFS('投稿ログ'!$P$5:$P$204,'投稿ログ'!$B$5:$B$204,B10),"") | H10: =IFERROR(AVERAGEIFS('投稿ログ'!$Q$5:$Q$204,'投稿ログ'!$B$5:$B$204,B10),"") | I10: =IFERROR(AVERAGEIFS('投稿ログ'!$R$5:$R$204,'投稿ログ'!$B$5:$B$204,B10),"") | J10: =IFERROR(AVERAGEIFS('投稿ログ'!$S$5:$S$204,'投稿ログ'!$B$5:$B$204,B10),"") | K10: =IFERROR(SUMIFS('投稿ログ'!$N$5:$N$204,'投稿ログ'!$B$5:$B$204,B10),"")
B11: 2026-12 | C11: =COUNTIFS('投稿ログ'!$B$5:$B$204,B11) | D11: =COUNTIFS('投稿ログ'!$B$5:$B$204,B11,'投稿ログ'!$W$5:$W$204,"○") | E11: =IFERROR(D11/C11,"") | F11: =IFERROR(AVERAGEIFS('投稿ログ'!$O$5:$O$204,'投稿ログ'!$B$5:$B$204,B11),"") | G11: =IFERROR(AVERAGEIFS('投稿ログ'!$P$5:$P$204,'投稿ログ'!$B$5:$B$204,B11),"") | H11: =IFERROR(AVERAGEIFS('投稿ログ'!$Q$5:$Q$204,'投稿ログ'!$B$5:$B$204,B11),"") | I11: =IFERROR(AVERAGEIFS('投稿ログ'!$R$5:$R$204,'投稿ログ'!$B$5:$B$204,B11),"") | J11: =IFERROR(AVERAGEIFS('投稿ログ'!$S$5:$S$204,'投稿ログ'!$B$5:$B$204,B11),"") | K11: =IFERROR(SUMIFS('投稿ログ'!$N$5:$N$204,'投稿ログ'!$B$5:$B$204,B11),"")
B12: 2027-01 | C12: =COUNTIFS('投稿ログ'!$B$5:$B$204,B12) | D12: =COUNTIFS('投稿ログ'!$B$5:$B$204,B12,'投稿ログ'!$W$5:$W$204,"○") | E12: =IFERROR(D12/C12,"") | F12: =IFERROR(AVERAGEIFS('投稿ログ'!$O$5:$O$204,'投稿ログ'!$B$5:$B$204,B12),"") | G12: =IFERROR(AVERAGEIFS('投稿ログ'!$P$5:$P$204,'投稿ログ'!$B$5:$B$204,B12),"") | H12: =IFERROR(AVERAGEIFS('投稿ログ'!$Q$5:$Q$204,'投稿ログ'!$B$5:$B$204,B12),"") | I12: =IFERROR(AVERAGEIFS('投稿ログ'!$R$5:$R$204,'投稿ログ'!$B$5:$B$204,B12),"") | J12: =IFERROR(AVERAGEIFS('投稿ログ'!$S$5:$S$204,'投稿ログ'!$B$5:$B$204,B12),"") | K12: =IFERROR(SUMIFS('投稿ログ'!$N$5:$N$204,'投稿ログ'!$B$5:$B$204,B12),"")
B13: 2027-02 | C13: =COUNTIFS('投稿ログ'!$B$5:$B$204,B13) | D13: =COUNTIFS('投稿ログ'!$B$5:$B$204,B13,'投稿ログ'!$W$5:$W$204,"○") | E13: =IFERROR(D13/C13,"") | F13: =IFERROR(AVERAGEIFS('投稿ログ'!$O$5:$O$204,'投稿ログ'!$B$5:$B$204,B13),"") | G13: =IFERROR(AVERAGEIFS('投稿ログ'!$P$5:$P$204,'投稿ログ'!$B$5:$B$204,B13),"") | H13: =IFERROR(AVERAGEIFS('投稿ログ'!$Q$5:$Q$204,'投稿ログ'!$B$5:$B$204,B13),"") | I13: =IFERROR(AVERAGEIFS('投稿ログ'!$R$5:$R$204,'投稿ログ'!$B$5:$B$204,B13),"") | J13: =IFERROR(AVERAGEIFS('投稿ログ'!$S$5:$S$204,'投稿ログ'!$B$5:$B$204,B13),"") | K13: =IFERROR(SUMIFS('投稿ログ'!$N$5:$N$204,'投稿ログ'!$B$5:$B$204,B13),"")
B14: 2027-03 | C14: =COUNTIFS('投稿ログ'!$B$5:$B$204,B14) | D14: =COUNTIFS('投稿ログ'!$B$5:$B$204,B14,'投稿ログ'!$W$5:$W$204,"○") | E14: =IFERROR(D14/C14,"") | F14: =IFERROR(AVERAGEIFS('投稿ログ'!$O$5:$O$204,'投稿ログ'!$B$5:$B$204,B14),"") | G14: =IFERROR(AVERAGEIFS('投稿ログ'!$P$5:$P$204,'投稿ログ'!$B$5:$B$204,B14),"") | H14: =IFERROR(AVERAGEIFS('投稿ログ'!$Q$5:$Q$204,'投稿ログ'!$B$5:$B$204,B14),"") | I14: =IFERROR(AVERAGEIFS('投稿ログ'!$R$5:$R$204,'投稿ログ'!$B$5:$B$204,B14),"") | J14: =IFERROR(AVERAGEIFS('投稿ログ'!$S$5:$S$204,'投稿ログ'!$B$5:$B$204,B14),"") | K14: =IFERROR(SUMIFS('投稿ログ'!$N$5:$N$204,'投稿ログ'!$B$5:$B$204,B14),"")
B16: 11
B17: 月 | C17: Instagram | D17: TikTok | E17: Threads | F17: YouTube | G17: 総フォロワー | H17: 前月比 | I17: KPI進捗 (/78,000)
B18: 2026-08 | G18: =IF(COUNT(C18:F18)=0,"",SUM(C18:F18)) | I18: =IFERROR(G18/78000,"")
B19: 2026-09 | G19: =IF(COUNT(C19:F19)=0,"",SUM(C19:F19)) | H19: =IF(OR(G19="",G18=""),"",G19-G18) | I19: =IFERROR(G19/78000,"")
B20: 2026-10 | G20: =IF(COUNT(C20:F20)=0,"",SUM(C20:F20)) | H20: =IF(OR(G20="",G19=""),"",G20-G19) | I20: =IFERROR(G20/78000,"")
B21: 2026-11 | G21: =IF(COUNT(C21:F21)=0,"",SUM(C21:F21)) | H21: =IF(OR(G21="",G20=""),"",G21-G20) | I21: =IFERROR(G21/78000,"")
B22: 2026-12 | G22: =IF(COUNT(C22:F22)=0,"",SUM(C22:F22)) | H22: =IF(OR(G22="",G21=""),"",G22-G21) | I22: =IFERROR(G22/78000,"")
B23: 2027-01 | G23: =IF(COUNT(C23:F23)=0,"",SUM(C23:F23)) | H23: =IF(OR(G23="",G22=""),"",G23-G22) | I23: =IFERROR(G23/78000,"")
B24: 2027-02 | G24: =IF(COUNT(C24:F24)=0,"",SUM(C24:F24)) | H24: =IF(OR(G24="",G23=""),"",G24-G23) | I24: =IFERROR(G24/78000,"")
B25: 2027-03 | G25: =IF(COUNT(C25:F25)=0,"",SUM(C25:F25)) | H25: =IF(OR(G25="",G24=""),"",G25-G24) | I25: =IFERROR(G25/78000,"")

Sheet 設定・凡例
B2: 月次ダッシュボード｜設定・凡例
B3: kand pro × イーオンSNS ／ 担当：カン ／ 分析フレームに準拠（kand用/分析/分析フレーム.md）
B5: 使い方（3ステップ） | G5: フォロワーKPI（1年目・p27）
B6: ① 「投稿ログ」タブに、投稿ごとの数字を1行ずつ貼る（黄色いセルだけ入力）。%や当たり判定は自動計算。 | G6: PF | H6: 12ヶ月フォロワー目標
B7: ② 「月次ダッシュボード」タブで、各月の月末フォロワー数（PF別）を黄色いセルに貼る。 | G7: Instagram | H7: 20000
B8: ③ 打率・平均指標・KPI進捗が自動で出る。色（緑=好調／黄=標準／赤=要改善）で一目で分かる。 | G8: TikTok | H8: 50000
G9: Threads | H9: 3000
B10: 凡例 | G10: YouTube | H10: 5000
B11: 黄色セル | C11: ここに数字を貼る（入力） | G11: SNS総フォロワー | H11: 78000
B12: 白セル | C12: 自動計算（触らない）
B13: 緑 | C13: 好調＝この型に乗る／続編を作る
B14: 黄 | C14: 標準＝1点だけ直して再挑戦
B15: 赤 | C15: 要改善＝診断ツリーで原因を特定
B18: 判定しきい値（好調ライン＝この値以上で緑） | G18: PF別「当たり」基準（KPI p27）
B19: 指標 | C19: 要改善（未満） | D19: 標準 | E19: 好調（以上） | G19: PF | H19: IMP目標(当たり基準) | I19: いいね目標 | J19: コメント目標
B20: フォロワー外リーチ率 | C20: 40% | D20: 40–60% | E20: 60% | G20: IG-R | H20: 40000 | I20: 1000 | J20: 100
B21: 3秒突破率 | C21: 50% | D21: 50–65% | E21: 65% | G21: IG-F | H21: 40000 | I21: 1000 | J21: 100
B22: 平均視聴維持率 | C22: 40% | D22: 40–55% | E22: 55% | G22: IG-S | H22: 40000 | I22: 1000 | J22: 100
B23: 保存率 | C23: 0.5% | D23: 0.5–1.5% | E23: 1.5% | G23: TT | H23: 60000 | I23: 3000 | J23: 300
B24: いいね率 | C24: 3% | D24: 3–6% | E24: 6% | G24: YT-S | H24: — | I24: — | J24: —
B25: シェア率 | C25: 0.5% | D25: 0.5–1% | E25: 1% | G25: ※YT-SはIMP目標未設定（p27）→当たり判定は「-」
B26: フォロー転換率 | C26: 1% | D26: 1–2% | E26: 2%

Sheet 投稿ログ
A1: 投稿ログ｜投稿ごとに1行、黄色セルに数字を貼る（%と当たりは自動）
A2: ↓ 4行目は記入例（集計には含めません）。5行目から入力してください。
A3: 投稿日 | B3: 月 | C3: 投稿名 | D3: PF | E3: リーチ | F3: ﾌｫﾛﾜｰ外 リーチ | G3: 3秒 突破数 | H3: 平均視聴 秒 | I3: 尺 秒 | J3: 保存 | K3: いいね | L3: コメント | M3: シェア | N3: 新規 フォロー | O3: ﾌｫﾛﾜｰ外% | P3: 3秒突破% | Q3: 維持% | R3: 保存% | S3: いいね% | T3: シェア% | U3: ﾌｫﾛｰ転換% | V3: 目標IMP | W3: 当たり
A4: 2026-08-10 | B4: =IF(A4="","",TEXT(A4,"YYYY-MM")) | C4: （例）05 学校で習った英語 | D4: IG-R | E4: 52000 | F4: 34000 | G4: 33000 | H4: 18 | I4: 32 | J4: 900 | K4: 2600 | L4: 140 | M4: 620 | N4: 1100 | O4: =IFERROR(F4/E4,"") | P4: =IFERROR(G4/E4,"") | Q4: =IFERROR(H4/I4,"") | R4: =IFERROR(J4/E4,"") | S4: =IFERROR(K4/E4,"") | T4: =IFERROR(M4/E4,"") | U4: =IFERROR(N4/E4,"") | V4: =IFERROR(INDEX('設定・凡例'!$H$20:$H$24,MATCH(D4,'設定・凡例'!$G$20:$G$24,0)),"") | W4: =IF(E4="","",IF(ISNUMBER(V4),IF(E4>=V4,"○","×"),"-"))
B5: =IF(A5="","",TEXT(A5,"YYYY-MM")) | O5: =IFERROR(F5/E5,"") | P5: =IFERROR(G5/E5,"") | Q5: =IFERROR(H5/I5,"") | R5: =IFERROR(J5/E5,"") | S5: =IFERROR(K5/E5,"") | T5: =IFERROR(M5/E5,"") | U5: =IFERROR(N5/E5,"") | V5: =IFERROR(INDEX('設定・凡例'!$H$20:$H$24,MATCH(D5,'設定・凡例'!$G$20:$G$24,0)),"") | W5: =IF(E5="","",IF(ISNUMBER(V5),IF(E5>=V5,"○","×"),"-"))
B6: =IF(A6="","",TEXT(A6,"YYYY-MM")) | O6: =IFERROR(F6/E6,"") | P6: =IFERROR(G6/E6,"") | Q6: =IFERROR(H6/I6,"") | R6: =IFERROR(J6/E6,"") | S6: =IFERROR(K6/E6,"") | T6: =IFERROR(M6/E6,"") | U6: =IFERROR(N6/E6,"") | V6: =IFERROR(INDEX('設定・凡例'!$H$20:$H$24,MATCH(D6,'設定・凡例'!$G$20:$G$24,0)),"") | W6: =IF(E6="","",IF(ISNUMBER(V6),IF(E6>=V6,"○","×"),"-"))
B7: =IF(A7="","",TEXT(A7,"YYYY-MM")) | O7: =IFERROR(F7/E7,"") | P7: =IFERROR(G7/E7,"") | Q7: =IFERROR(H7/I7,"") | R7: =IFERROR(J7/E7,"") | S7: =IFERROR(K7/E7,"") | T7: =IFERROR(M7/E7,"") | U7: =IFERROR(N7/E7,"") | V7: =IFERROR(INDEX('設定・凡例'!$H$20:$H$24,MATCH(D7,'設定・凡例'!$G$20:$G$24,0)),"") | W7: =IF(E7="","",IF(ISNUMBER(V7),IF(E7>=V7,"○","×"),"-"))
B8: =IF(A8="","",TEXT(A8,"YYYY-MM")) | O8: =IFERROR(F8/E8,"") | P8: =IFERROR(G8/E8,"") | Q8: =IFERROR(H8/I8,"") | R8: =IFERROR(J8/E8,"") | S8: =IFERROR(K8/E8,"") | T8: =IFERROR(M8/E8,"") | U8: =IFERROR(N8/E8,"") | V8: =IFERROR(INDEX('設定・凡例'!$H$20:$H$24,MATCH(D8,'設定・凡例'!$G$20:$G$24,0)),"") | W8: =IF(E8="","",IF(ISNUMBER(V8),IF(E8>=V8,"○","×"),"-"))
B9: =IF(A9="","",TEXT(A9,"YYYY-MM")) | O9: =IFERROR(F9/E9,"") | P9: =IFERROR(G9/E9,"") | Q9: =IFERROR(H9/I9,"") | R9: =IFERROR(J9/E9,"") | S9: =IFERROR(K9/E9,"") | T9: =IFERROR(M9/E9,"") | U9: =IFERROR(N9/E9,"") | V9: =IFERROR(INDEX('設定・凡例'!$H$20:$H$24,MATCH(D9,'設定・凡例'!$G$20:$G$24,0)),"") | W9: =IF(E9="","",IF(ISNUMBER(V9),IF(E9>=V9,"○","×"),"-"))
B10: =IF(A10="","",TEXT(A10,"YYYY-MM")) | O10: =IFERROR(F10/E10,"") | P10: =IFERROR(G10/E10,"") | Q10: =IFERROR(H10/I10,"") | R10: =IFERROR(J10/E10,"") | S10: =IFERROR(K10/E10,"") | T10: =IFERROR(M10/E10,"") | U10: =IFERROR(N10/E10,"") | V10: =IFERROR(INDEX('設定・凡例'!$H$20:$H$24,MATCH(D10,'設定・凡例'!$G$20:$G$24,0)),"") | W10: =IF(E10="","",IF(ISNUMBER(V10),IF(E10>=V10,"○","×"),"-"))
B11: =IF(A11="","",TEXT(A11,"YYYY-MM")) | O11: =IFERROR(F11/E11,"") | P11: =IFERROR(G11/E11,"") | Q11: =IFERROR(H11/I11,"") | R11: =IFERROR(J11/E11,"") | S11: =IFERROR(K11/E11,"") | T11: =IFERROR(M11/E11,"") | U11: =IFERROR(N11/E11,"") | V11: =IFERROR(INDEX('設定・凡例'!$H$20:$H$24,MATCH(D11,'設定・凡例'!$G$20:$G$24,0)),"") | W11: =IF(E11="","",IF(ISNUMBER(V11),IF(E11>=V11,"○","×"),"-"))
B12: =IF(A12="","",TEXT(A12,"YYYY-MM")) | O12: =IFERROR(F12/E12,"") | P12: =IFERROR(G12/E12,"") | Q12: =IFERROR(H12/I12,"") | R12: =IFERROR(J12/E12,"") | S12: =IFERROR(K12/E12,"") | T12: =IFERROR(M12/E12,"") | U12: =IFERROR(N12/E12,"") | V12: =IFERROR(INDEX('設定・凡例'!$H$20:$H$24,MATCH(D12,'設定・凡例'!$G$20:$G$24,0)),"") | W12: =IF(E12="","",IF(ISNUMBER(V12),IF(E12>=V12,"○","×"),"-"))
B13: =IF(A13="","",TEXT(A13,"YYYY-MM")) | O13: =IFERROR(F13/E13,"") | P13: =IFERROR(G13/E13,"") | Q13: =IFERROR(H13/I13,"") | R13: =IFERROR(J13/E13,"") | S13: =IFERROR(K13/E13,"") | T13: =IFERROR(M13/E13,"") | U13: =IFERROR(N13/E13,"") | V13: =IFERROR(INDEX('設定・凡例'!$H$20:$H$24,MATCH(D13,'設定・凡例'!$G$20:$G$24,0)),"") | W13: =IF(E13="","",IF(ISNUMBER(V13),IF(E13>=V13,"○","×"),"-"))
B14: =IF(A14="","",TEXT(A14,"YYYY-MM")) | O14: =IFERROR(F14/E14,"") | P14: =IFERROR(G14/E14,"") | Q14: =IFERROR(H14/I14,"") | R14: =IFERROR(J14/E14,"") | S14: =IFERROR(K14/E14,"") | T14: =IFERROR(M14/E14,"") | U14: =IFERROR(N14/E14,"") | V14: =IFERROR(INDEX('設定・凡例'!$H$20:$H$24,MATCH(D14,'設定・凡例'!$G$20:$G$24,0)),"") | W14: =IF(E14="","",IF(ISNUMBER(V14),IF(E14>=V14,"○","×"),"-"))
B15: =IF(A15="","",TEXT(A15,"YYYY-MM")) | O15: =IFERROR(F15/E15,"") | P15: =IFERROR(G15/E15,"") | Q15: =IFERROR(H15/I15,"") | R15: =IFERROR(J15/E15,"") | S15: =IFERROR(K15/E15,"") | T15: =IFERROR(M15/E15,"") | U15: =IFERROR(N15/E15,"") | V15: =IFERROR(INDEX('設定・凡例'!$H$20:$H$24,MATCH(D15,'設定・凡例'!$G$20:$G$24,0)),"") | W15: =IF(E15="","",IF(ISNUMBER(V15),IF(E15>=V15,"○","×"),"-"))
B16: =IF(A16="","",TEXT(A16,"YYYY-MM")) | O16: =IFERROR(F16/E16,"") | P16: =IFERROR(G16/E16,"") | Q16: =IFERROR(H16/I16,"") | R16: =IFERROR(J16/E16,"") | S16: =IFERROR(K16/E16,"") | T16: =IFERROR(M16/E16,"") | U16: =IFERROR(N16/E16,"") | V16: =IFERROR(INDEX('設定・凡例'!$H$20:$H$24,MATCH(D16,'設定・凡例'!$G$20:$G$24,0)),"") | W16: =IF(E16="","",IF(ISNUMBER(V16),IF(E16>=V16,"○","×"),"-"))
... B204: =IF(A204="","",TEXT(A204,"YYYY-MM")) | O204: =IFERROR(F204/E204,"") | P204: =IFERROR(G204/E204,"") | Q204: =IFERROR(H204/I204,"") | R204: =IFERROR(J204/E204,"") | S204: =IFERROR(K204/E204,"") | T204: =IFERROR(M204/E204,"") | U204: =IFERROR(N204/E204,"") | V204: =IFERROR(INDEX('設定・凡例'!$H$20:$H$24,MATCH(D204,'設定・凡例'!$G$20:$G$24,0)),"") | W204: =IF(E204="","",IF(ISNUMBER(V204),IF(E204>=V204,"○","×"),"-"))
